City_ID,City,Country,Lat,Lng,Max Temp,Humidity,Cloudiness,Wind Speed,Current Description
0,Hobart,AU,-42.8794,147.3294,46.26,76,90,1.99,overcast clouds
1,Butaritari,KI,3.0707,172.7902,82.33,81,100,15.86,light rain
2,Mataura,NZ,-46.1927,168.8643,49.48,97,100,3.49,light rain
3,Kurilsk,RU,45.2333,147.8833,42.78,96,100,14.25,overcast clouds
4,Rikitea,PF,-23.1203,-134.9692,77.0,85,72,19.01,broken clouds
5,Chokurdakh,RU,70.6333,147.9167,45.09,59,9,9.1,clear sky
6,Cape Town,ZA,-33.9258,18.4232,63.01,68,20,1.99,few clouds
7,Atuona,PF,-9.8,-139.0333,78.64,71,12,11.01,few clouds
8,Griffith,US,41.5284,-87.4237,59.9,48,1,5.99,clear sky
9,Seymchan,RU,62.8833,152.4333,37.85,72,13,6.93,few clouds
10,Georgetown,MY,5.4112,100.3354,84.88,82,20,3.0,moderate rain
11,Hermanus,ZA,-34.4187,19.2345,59.9,83,23,5.39,light rain
12,Hearst,CA,49.6835,-83.6665,59.25,21,10,4.43,clear sky
13,Carnarvon,AU,-24.8667,113.6333,66.27,82,90,10.36,overcast clouds
14,Statesboro,US,32.4488,-81.7832,81.93,61,90,5.75,overcast clouds
15,Avarua,CK,-21.2078,-159.775,71.65,73,20,3.44,few clouds
16,Kruisfontein,ZA,-34.0033,24.7314,54.88,85,50,18.32,light rain
17,Mumford,GH,5.2618,-0.759,82.72,76,100,8.95,overcast clouds
18,Tuktoyaktuk,CA,69.4541,-133.0374,28.4,80,75,5.75,broken clouds
19,Lata,PT,40.1629,-8.3327,82.04,54,0,8.34,clear sky
20,Aklavik,CA,68.2191,-135.0107,31.03,86,90,6.91,overcast clouds
21,Aksay,RU,47.26,39.87,80.82,70,92,6.89,light rain
22,Bandarbeyla,SO,9.4942,50.8122,80.11,84,7,28.23,clear sky
23,Necochea,AR,-38.5473,-58.7368,51.04,54,96,22.91,overcast clouds
24,Avera,US,33.194,-82.5271,82.9,40,76,14.12,broken clouds
25,Bluff,NZ,-46.6,168.3333,49.8,87,100,19.75,overcast clouds
26,Mahebourg,MU,-20.4081,57.7,75.49,88,75,4.61,broken clouds
27,Hilo,US,19.7297,-155.09,72.63,85,20,4.61,light rain
28,Abu Dhabi,AE,24.4667,54.3667,91.51,58,0,9.42,clear sky
29,Khandyga,RU,62.6667,135.6,49.69,94,100,5.37,light rain
30,Ushuaia,AR,-54.8,-68.3,31.62,93,75,16.11,light snow
31,Port Elizabeth,ZA,-33.918,25.5701,62.89,67,20,23.02,few clouds
32,Cabo San Lucas,MX,22.8909,-109.9124,94.8,54,40,4.61,scattered clouds
33,Busselton,AU,-33.65,115.3333,54.09,83,86,8.05,overcast clouds
34,New Norfolk,AU,-42.7826,147.0587,45.9,75,44,3.0,scattered clouds
35,Tiksi,RU,71.6872,128.8694,29.8,98,93,8.05,overcast clouds
36,Ponta Do Sol,PT,32.6667,-17.1,73.13,62,38,4.72,scattered clouds
37,Barrow,US,71.2906,-156.7887,30.22,86,90,10.36,overcast clouds
38,Chuy,UY,-33.6971,-53.4616,57.83,57,45,17.47,scattered clouds
39,Bredasdorp,ZA,-34.5322,20.0403,58.28,88,8,7.05,clear sky
40,Cap Malheureux,MU,-19.9842,57.6142,75.69,89,11,3.0,light rain
41,Petropavlovsk-Kamchatskiy,RU,53.0452,158.6483,39.79,87,75,1.21,broken clouds
42,Upernavik,GL,72.7868,-56.1549,31.51,94,92,14.76,overcast clouds
43,Cardinal,CA,44.7834,-75.3826,63.82,27,1,11.86,clear sky
44,College,US,64.8569,-147.8028,43.0,49,75,14.97,broken clouds
45,Goundam,ML,16.4145,-3.6708,107.31,12,100,13.62,overcast clouds
46,Lasa,IT,46.6166,10.7002,65.28,84,98,6.29,overcast clouds
47,Rock Sound,BS,24.9,-76.2,77.85,76,3,11.3,clear sky
48,Kavaratti,IN,10.5669,72.642,83.71,75,54,16.98,broken clouds
49,San Carlos Del Zulia,VE,9.0,-71.9135,87.91,56,100,2.42,overcast clouds
50,Bandundu,CD,-3.3167,17.3667,83.55,49,99,3.13,overcast clouds
51,Albany,US,42.6001,-73.9662,48.92,85,100,4.94,overcast clouds
52,Kavieng,PG,-2.5744,150.7967,81.86,81,90,11.43,light rain
53,North Bend,US,43.4065,-124.2243,59.94,86,1,5.75,clear sky
54,Storforshei,NO,66.4043,14.5233,51.66,76,83,1.03,broken clouds
55,Ribeirao,BR,-8.5144,-35.3778,79.11,57,74,10.0,broken clouds
56,Marzuq,YE,14.4,46.4667,84.83,36,83,8.52,broken clouds
57,Kapaa,US,22.0752,-159.319,70.2,79,90,1.01,overcast clouds
58,Muhos,FI,64.808,25.9931,49.78,46,28,7.34,scattered clouds
59,Castro,BR,-24.7911,-50.0119,74.88,58,21,13.51,few clouds
60,Nikolskoye,RU,59.7035,30.7861,53.49,48,2,7.45,clear sky
61,Severo-Kurilsk,RU,50.6789,156.125,39.13,83,67,3.58,broken clouds
62,Wooster,US,40.8051,-81.9351,51.58,87,90,11.5,overcast clouds
63,Waingapu,ID,-9.6567,120.2641,75.11,86,95,6.58,overcast clouds
64,Noumea,NC,-22.2763,166.4572,71.01,99,97,13.4,overcast clouds
65,Saint-Philippe,RE,-21.3585,55.7679,71.19,78,38,5.3,scattered clouds
66,Goundi,TD,9.3627,17.366,95.13,28,100,2.17,overcast clouds
67,Juneau,US,58.3019,-134.4197,48.22,95,90,5.01,light rain
68,Arraial Do Cabo,BR,-22.9661,-42.0278,94.96,58,75,8.05,broken clouds
69,Thompson,CA,55.7435,-97.8558,64.56,42,40,10.36,scattered clouds
70,Cockburn Town,TC,21.4612,-71.1419,82.36,69,40,9.22,scattered clouds
71,Ribeira Grande,PT,38.5167,-28.7,66.6,77,75,0.0,broken clouds
72,Faanui,PF,-16.4833,-151.75,79.12,70,74,3.71,broken clouds
73,Pochutla,MX,15.7432,-96.4661,91.81,46,99,5.77,overcast clouds
74,Geraldton,AU,-28.7667,114.6,63.12,67,40,14.65,scattered clouds
75,Lakes Entrance,AU,-37.8811,147.981,43.48,79,74,5.5,broken clouds
76,Riverton,US,40.5219,-111.9391,73.8,25,1,5.01,clear sky
77,Guerrero Negro,MX,27.9769,-114.0611,65.68,65,82,16.04,broken clouds
78,Ixtapa,MX,20.7,-105.2,90.05,48,100,6.29,overcast clouds
79,Vaini,TO,-21.2,-175.2,71.76,100,75,0.0,light rain
80,Nishihara,JP,26.1842,127.7558,71.26,94,90,13.71,light rain
81,Tarakan,ID,3.3,117.6333,82.38,77,70,5.64,broken clouds
82,East London,ZA,-33.0153,27.9116,61.74,72,0,11.5,clear sky
83,Iqaluit,CA,63.7506,-68.5145,28.13,74,75,24.16,broken clouds
84,Balaipungut,ID,1.05,101.2833,81.01,88,95,2.75,overcast clouds
85,Salalah,OM,17.0151,54.0924,84.09,80,74,10.83,broken clouds
86,Arlit,NE,18.7369,7.3853,108.19,4,40,16.58,scattered clouds
87,Vila Velha,BR,-20.3297,-40.2925,85.96,54,20,15.01,few clouds
88,Charters Towers,AU,-20.1,146.2667,55.09,85,3,5.99,clear sky
89,Qaanaaq,GL,77.484,-69.3632,32.27,94,36,5.84,scattered clouds
90,Lompoc,US,34.6391,-120.4579,60.48,81,90,10.36,overcast clouds
91,Lubango,AO,-14.9172,13.4925,61.81,33,20,3.06,few clouds
92,Atherton,GB,53.5237,-2.4935,67.91,70,87,3.76,overcast clouds
93,Punta Arenas,CL,-53.15,-70.9167,37.51,48,75,20.74,broken clouds
94,Gaoyou,CN,32.7858,119.4278,71.92,82,95,6.11,light rain
95,Airai,TL,-8.9266,125.4092,56.98,93,87,2.91,overcast clouds
96,Bosaso,SO,11.2842,49.1816,89.1,50,8,1.97,clear sky
97,Deputatskiy,RU,69.3,139.9,42.26,59,68,6.91,broken clouds
98,Clyde River,CA,70.4692,-68.5914,32.23,69,20,6.91,few clouds
99,Sayyan,YE,15.1718,44.3244,71.2,21,44,10.27,scattered clouds
100,Jibuti,DJ,11.5,42.5,89.98,26,74,4.94,broken clouds
101,Vangaindrano,MG,-23.35,47.6,69.31,90,16,4.21,few clouds
102,Shahpur,IN,16.7,76.8333,82.47,65,88,19.24,moderate rain
103,Klaksvik,FO,62.2266,-6.589,52.72,83,56,10.38,broken clouds
104,Soritor,PE,-6.1392,-77.1039,83.44,52,46,2.93,scattered clouds
105,Nadym,RU,65.5333,72.5167,56.41,62,99,24.32,light rain
106,Port Alfred,ZA,-33.5906,26.891,64.35,65,78,33.33,broken clouds
107,Banda Aceh,ID,5.5577,95.3222,80.89,78,100,7.49,overcast clouds
108,Natal,BR,-5.795,-35.2094,86.65,51,20,15.7,few clouds
109,Kurumkan,RU,54.3,110.3,38.98,76,7,6.33,clear sky
110,Malpe,IN,13.35,74.7167,79.9,83,68,2.82,broken clouds
111,Rio Grande,BR,-32.035,-52.0986,66.31,57,31,19.13,scattered clouds
112,Tingo Maria,PE,-9.2895,-76.0088,82.71,57,20,3.85,few clouds
113,Tiarei,PF,-17.5333,-149.3333,73.42,73,66,13.09,broken clouds
114,Matara,LK,5.9485,80.5353,78.75,89,83,11.95,broken clouds
115,Zhigansk,RU,66.7697,123.3711,46.36,64,8,2.13,clear sky
116,Gornopravdinsk,RU,60.05,69.9,56.88,84,95,9.69,light rain
117,Oregon City,US,45.3573,-122.6068,65.84,66,77,1.99,broken clouds
118,Caiaponia,BR,-16.9567,-51.8103,84.79,38,89,7.67,overcast clouds
119,Saskylakh,RU,71.9167,114.0833,29.79,96,16,6.58,few clouds
120,Port Macquarie,AU,-31.4333,152.9167,52.9,78,92,15.03,overcast clouds
121,Nanortalik,GL,60.1432,-45.2371,37.89,84,88,6.13,overcast clouds
122,Krasnaya Zarya,RU,52.7825,37.6806,61.02,95,100,7.72,overcast clouds
123,Pahrump,US,36.2083,-115.9839,82.26,15,82,1.01,broken clouds
124,Ushtobe,KZ,45.2514,77.9838,71.22,32,0,10.69,clear sky
125,Ngawi,ID,-7.4038,111.4461,76.33,89,100,1.7,overcast clouds
126,Dolores,AR,-36.3132,-57.6792,51.21,43,2,17.31,clear sky
127,San Luis,AR,-33.295,-66.3356,58.26,41,23,10.18,few clouds
128,Ambatofinandrahana,MG,-20.55,46.8,54.21,65,6,2.64,clear sky
129,Sibu,MY,2.3,111.8167,75.51,94,40,3.0,scattered clouds
130,Esperance,AU,-33.8667,121.9,60.64,83,100,22.7,light rain
131,Chapais,CA,49.7834,-74.8492,47.98,29,3,5.06,clear sky
132,Kaitangata,NZ,-46.2817,169.8464,49.03,94,100,12.26,moderate rain
133,Longyearbyen,SJ,78.2186,15.6401,35.44,69,75,8.05,broken clouds
134,Mar Del Plata,AR,-38.0023,-57.5575,48.99,55,40,11.99,scattered clouds
135,Isangel,VU,-19.55,169.2667,70.34,68,77,2.84,broken clouds
136,Sobolevo,RU,54.4299,31.8996,55.38,82,94,7.25,overcast clouds
137,Talnakh,RU,69.4865,88.3972,29.39,98,94,5.35,overcast clouds
138,Kollam,IN,8.8833,76.6,78.67,82,40,9.6,scattered clouds
139,Salekhard,RU,66.53,66.6019,44.58,66,73,11.86,broken clouds
140,Stepnyak,KZ,52.8339,70.7803,61.39,42,0,8.86,clear sky
141,Makaryev,RU,57.8797,43.8069,52.29,88,100,13.2,overcast clouds
142,Kodiak,US,57.79,-152.4072,45.91,93,90,9.22,light rain
143,Evanston,US,42.0411,-87.6901,61.18,43,1,5.99,clear sky
144,Inhambane,MZ,-23.865,35.3833,69.85,80,0,4.41,clear sky
145,Kontagora,NG,10.3999,5.4695,97.18,30,23,8.97,few clouds
146,Tornio,FI,65.8481,24.1466,46.42,63,73,10.09,broken clouds
147,Saint-Augustin,CA,51.226,-58.6502,56.7,36,40,7.63,scattered clouds
148,Provideniya,RU,64.3833,-173.3,40.3,52,7,12.57,clear sky
149,Purpe,RU,64.4803,76.6897,50.34,52,58,17.83,broken clouds
150,Tasiilaq,GL,65.6145,-37.6368,39.36,96,100,13.06,overcast clouds
151,Ostrovnoy,RU,68.0531,39.5131,35.73,78,96,17.98,overcast clouds
152,Torbay,CA,47.6666,-52.7314,57.27,59,75,17.27,broken clouds
153,Mogadishu,SO,2.0371,45.3438,78.6,84,51,14.2,broken clouds
154,Hasaki,JP,35.7333,140.8333,66.6,83,42,1.19,scattered clouds
155,Joao Pinheiro,BR,-17.7425,-46.1725,85.96,33,93,5.23,overcast clouds
156,Yellowknife,CA,62.456,-114.3525,51.33,53,20,1.99,few clouds
157,Lilongwe,MW,-13.9669,33.7873,63.63,52,0,6.38,clear sky
158,Oksfjord,NO,70.2396,22.3479,44.67,74,63,10.11,broken clouds
159,Manokwari,ID,-0.8667,134.0833,78.96,81,100,3.56,overcast clouds
160,Walvis Bay,NA,-22.9575,14.5053,67.15,59,66,13.15,broken clouds
161,Svetlaya,RU,46.5389,138.3297,43.93,94,100,17.72,light rain
162,Grand Gaube,MU,-20.0064,57.6608,75.6,89,13,3.0,light rain
163,Alofi,NU,-19.0595,-169.9187,73.29,100,89,3.44,moderate rain
164,Bambous Virieux,MU,-20.3428,57.7575,75.45,88,75,3.74,broken clouds
165,Coahuayana,MX,18.7333,-103.6833,93.36,29,81,6.71,broken clouds
166,Lucea,JM,18.451,-78.1736,85.86,68,5,0.83,clear sky
167,Mayo,US,38.8876,-76.5119,54.37,94,90,18.99,overcast clouds
168,Moroni,KM,-11.7022,43.2551,77.0,79,61,9.22,broken clouds
169,La Asuncion,VE,11.0333,-63.8628,83.93,70,4,15.35,clear sky
170,Dingle,PH,10.9995,122.6711,78.24,90,93,2.68,overcast clouds
171,Victoria,HK,22.2855,114.1577,86.97,88,100,5.01,overcast clouds
172,Srednekolymsk,RU,67.45,153.6833,47.86,50,50,9.57,scattered clouds
173,Arequipa,PE,-16.3989,-71.535,66.27,34,0,6.91,clear sky
174,Waipawa,NZ,-41.4122,175.5153,48.83,94,100,7.2,overcast clouds
175,Rockhampton,AU,-23.3833,150.5,60.69,63,81,9.22,broken clouds
176,Kysyl-Syr,RU,63.8986,122.7617,54.01,59,80,3.47,broken clouds
177,Mehamn,NO,71.0357,27.8492,40.26,81,96,15.88,light rain
178,Sao Filipe,CV,14.8961,-24.4956,74.82,75,4,15.32,clear sky
179,Palmas Del Socorro,CO,6.4067,-73.2869,77.45,65,100,1.77,overcast clouds
180,Maceio,BR,-9.6658,-35.7353,85.44,51,40,9.66,scattered clouds
181,Muros,ES,42.7762,-9.0603,75.69,60,32,13.49,scattered clouds
182,Dikson,RU,73.5069,80.5464,22.33,92,49,1.45,scattered clouds
183,Port-Gentil,GA,-0.7193,8.7815,82.36,83,75,12.66,light rain
184,Jamestown,US,42.097,-79.2353,49.59,86,90,8.99,overcast clouds
185,Yacuiba,BO,-22.038,-63.6797,72.12,53,99,9.89,overcast clouds
186,Rio Claro,BR,-22.4114,-47.5614,85.82,40,83,11.39,broken clouds
187,Beringovskiy,RU,63.05,179.3167,28.76,89,22,9.48,few clouds
188,Fortuna,US,40.5982,-124.1573,52.66,94,90,5.75,overcast clouds
189,Tefe,BR,-3.3542,-64.7114,86.11,79,40,5.75,scattered clouds
190,Codrington,AU,-38.2667,141.9667,40.62,92,2,7.0,clear sky
191,Cortez,US,37.3489,-108.5859,78.03,21,69,9.93,broken clouds
192,Marawi,PH,7.9986,124.2928,73.65,93,63,1.66,broken clouds
193,Sebrovo,RU,50.0981,43.2976,70.66,60,8,5.93,clear sky
194,Christchurch,NZ,-43.5333,172.6333,55.99,91,75,4.0,light rain
195,Cabedelo,BR,-6.9811,-34.8339,84.87,68,10,18.07,clear sky
196,Norman Wells,CA,65.282,-126.8329,33.84,93,90,4.61,overcast clouds
197,Luganville,VU,-15.5333,167.1667,74.05,77,99,5.28,overcast clouds
198,Novi Becej,RS,45.5986,20.1356,63.72,57,26,8.97,scattered clouds
199,Labuhan,ID,-6.8844,112.2051,78.53,85,54,6.15,broken clouds
200,Emerald,AU,-23.5333,148.1667,57.34,44,90,11.5,overcast clouds
201,Yongzhou,CN,26.4559,111.5988,69.66,95,100,1.23,overcast clouds
202,Dalvik,IS,65.9702,-18.5286,57.13,51,91,11.56,overcast clouds
203,Kabanjahe,ID,3.1001,98.4908,66.96,94,81,3.22,broken clouds
204,Hualmay,PE,-11.0964,-77.6139,68.59,76,70,10.51,broken clouds
205,Dharchula,IN,29.85,80.5333,71.2,85,97,2.51,overcast clouds
206,Vostok,RU,46.4856,135.8833,43.81,90,100,2.26,overcast clouds
207,Saint George,US,37.1041,-113.5841,90.07,15,1,1.01,clear sky
208,Karratha,AU,-20.7377,116.8463,71.01,73,100,10.58,overcast clouds
209,Saldanha,ZA,-33.0117,17.9442,60.85,85,99,9.46,overcast clouds
210,Rafai,CF,4.95,23.9167,80.17,53,100,1.97,overcast clouds
211,Sitka,US,57.0531,-135.33,49.89,71,90,10.36,overcast clouds
212,Evensk,RU,61.95,159.2333,39.63,81,100,3.69,overcast clouds
213,Tautira,PF,-17.7333,-149.15,73.42,71,80,11.05,broken clouds
214,Carupano,VE,10.6678,-63.2585,85.19,59,2,14.7,clear sky
215,Kerema,PG,-7.9631,145.7785,76.69,86,100,4.97,overcast clouds
216,Yining,CN,29.0361,114.5636,67.06,88,100,2.37,light rain
217,Carndonagh,IE,55.25,-7.2667,59.77,77,99,5.41,overcast clouds
218,Bima,ID,-8.4667,118.7167,74.01,94,66,3.51,broken clouds
219,Fairbanks,US,64.8378,-147.7164,43.21,51,75,11.5,broken clouds
220,Malureni,RO,45.1,24.8,60.17,83,89,3.33,overcast clouds
221,Rorvik,NO,64.8621,11.2373,48.49,77,47,10.16,scattered clouds
222,Bengkulu,ID,-3.8004,102.2655,75.7,88,100,4.92,light rain
223,Constitucion,CL,-35.3333,-72.4167,58.01,61,100,10.96,overcast clouds
224,Northport,US,33.229,-87.5772,70.43,76,59,1.01,broken clouds
225,Constanta,RO,44.1833,28.65,72.28,67,93,9.31,overcast clouds
226,Hovd,MN,48.0056,91.6419,50.85,55,60,10.47,broken clouds
227,Kyabe,TD,9.4515,18.9449,97.21,24,80,2.66,broken clouds
228,Todos Santos,MX,23.45,-110.2167,94.3,48,76,7.23,broken clouds
229,Ilulissat,GL,69.2167,-51.1,62.62,20,75,13.8,broken clouds
230,Olafsvik,IS,64.8945,-23.7142,46.29,87,60,25.14,broken clouds
231,Los Llanos De Aridane,ES,28.6585,-17.9182,67.75,79,20,12.62,few clouds
232,Eyl,SO,7.9803,49.8164,81.5,76,88,21.43,overcast clouds
233,Campo Gobierno,MX,24.6536,-107.5411,90.72,46,6,8.01,clear sky
234,Tahe,CN,52.3333,124.7333,39.24,96,8,2.17,clear sky
235,Puerto Ayora,EC,-0.7393,-90.3518,77.56,84,55,8.01,broken clouds
236,Narsaq,GL,60.9167,-46.05,41.81,74,100,6.4,overcast clouds
237,Milledgeville,US,33.0801,-83.2321,84.22,62,75,13.8,broken clouds
238,Haines Junction,CA,60.7522,-137.5108,46.35,49,65,11.5,broken clouds
239,Port-Cartier,CA,50.0334,-66.8654,52.93,51,35,9.24,scattered clouds
240,Magadan,RU,59.5667,150.8,35.83,98,100,3.69,overcast clouds
241,Kayerkan,RU,69.3497,87.7602,26.04,98,98,4.16,overcast clouds
242,Ajaigarh,IN,24.9,80.2667,85.5,58,0,8.81,clear sky
243,Padang,ID,-0.9492,100.3543,78.44,76,100,3.87,overcast clouds
244,Bedele,ET,8.456,36.353,59.07,70,26,4.03,scattered clouds
245,Luderitz,NA,-26.6481,15.1594,63.72,64,54,19.35,broken clouds
246,Alice Springs,AU,-23.7,133.8833,40.55,70,2,5.7,clear sky
247,Kushima,JP,31.4583,131.2333,63.93,83,100,4.12,overcast clouds
248,Cherskiy,RU,68.75,161.3,48.0,52,34,11.65,scattered clouds
249,Smithers,CA,54.7804,-127.1743,46.72,66,75,0.0,broken clouds
250,Houston,US,29.7633,-95.3633,85.93,65,75,3.0,broken clouds
251,Manavalakurichi,IN,8.1333,77.3,78.89,83,40,15.23,scattered clouds
252,Lagoa,PT,39.05,-27.9833,63.43,71,67,5.75,broken clouds
253,Cidreira,BR,-30.1811,-50.2056,65.84,62,12,14.2,few clouds
254,Tymovskoye,RU,50.8456,142.655,44.19,92,100,2.19,overcast clouds
255,Ucluelet,CA,48.9329,-125.5528,58.08,87,94,1.01,overcast clouds
256,Antofagasta,CL,-23.65,-70.4,71.22,59,10,8.61,clear sky
257,Ponta Delgada,PT,37.7333,-25.6667,70.52,60,40,13.8,scattered clouds
258,Eirunepe,BR,-6.6603,-69.8736,94.71,42,24,1.63,few clouds
259,Lebu,CL,-37.6167,-73.65,53.17,70,100,3.85,overcast clouds
260,Seabra,BR,-12.4186,-41.7703,82.13,40,100,8.34,overcast clouds
261,Bull Savanna,JM,17.8868,-77.5902,81.41,67,9,11.16,light rain
262,Murshidabad,IN,24.1833,88.2667,84.13,71,67,11.23,broken clouds
263,Ajnala,IN,31.8425,74.7589,80.56,50,40,12.17,scattered clouds
264,Faya,SA,18.3851,42.4509,73.51,40,93,7.38,overcast clouds
265,Mattru,SL,7.6244,-11.8332,84.51,76,87,5.99,light rain
266,Vengerovo,RU,55.6848,76.7471,59.05,60,98,7.52,overcast clouds
267,Shushtar,IR,32.0455,48.8567,100.35,6,0,8.19,clear sky
268,Luwuk,ID,-0.9516,122.7875,77.56,90,89,4.09,overcast clouds
269,Hithadhoo,MV,-0.6,73.0833,83.75,71,66,16.37,broken clouds
270,Hobyo,SO,5.3505,48.5268,79.77,80,92,21.83,overcast clouds
271,Satipo,PE,-11.2522,-74.6386,86.43,47,20,2.71,few clouds
272,Boende,CD,-0.2167,20.8667,81.18,65,85,1.52,overcast clouds
273,Skjervoy,NO,70.0311,20.9714,44.46,81,38,30.22,scattered clouds
274,Helong,CN,42.5397,128.9972,44.4,94,31,5.48,scattered clouds
275,Aykhal,RU,66.0,111.5,50.36,61,25,7.14,scattered clouds
276,Foam Lake,CA,51.65,-103.5343,59.02,43,95,21.07,overcast clouds
277,Wasilla,US,61.5814,-149.4394,47.48,83,82,3.0,broken clouds
278,Atar,MR,20.5169,-13.0499,108.7,8,100,18.05,overcast clouds
279,Maldonado,UY,-34.6667,-54.9167,52.99,67,93,19.71,overcast clouds
280,Kasongo-Lunda,CD,-6.4667,16.8167,78.6,52,99,2.39,overcast clouds
281,Coquimbo,CL,-29.9533,-71.3436,62.33,67,0,7.16,clear sky
282,Sioux Lookout,CA,50.1001,-91.917,59.07,33,75,13.8,broken clouds
283,Bathsheba,BB,13.2167,-59.5167,86.61,54,40,16.69,scattered clouds
284,Cairns,AU,-16.9167,145.7667,69.75,79,90,10.36,overcast clouds
285,Kutum,SD,14.2,24.6667,89.08,10,76,7.0,broken clouds
286,Tomatlan,MX,19.9333,-105.25,92.26,26,100,6.51,overcast clouds
287,Saint-Francois,FR,46.4154,3.9054,74.64,38,0,9.22,clear sky
288,Naze,JP,28.3667,129.4833,66.63,87,100,6.73,overcast clouds
289,Bubaque,GW,11.2833,-15.8333,79.63,68,31,14.07,scattered clouds
290,Gedo,ET,9.0167,37.45,57.43,63,37,1.7,scattered clouds
291,Thinadhoo,MV,0.5333,72.9333,83.86,73,96,20.07,overcast clouds
292,Aldan,RU,58.6031,125.3894,45.81,67,26,5.35,scattered clouds
293,Aleysk,RU,52.4926,82.7822,51.1,66,6,8.46,clear sky
294,Cayenne,GF,4.9333,-52.3333,86.04,82,40,5.01,scattered clouds
295,Gao,ML,16.6362,1.637,106.59,4,45,17.85,scattered clouds
296,Buenos Aires,AR,-34.6132,-58.3772,55.78,42,0,9.22,clear sky
297,Udachnyy,RU,66.4167,112.4,52.14,60,6,7.2,clear sky
298,Caravelas,BR,-17.7125,-39.2481,82.67,63,81,8.81,broken clouds
299,Otjimbingwe,NA,-22.35,16.1333,73.74,20,27,5.77,scattered clouds
300,Baykit,RU,61.67,96.37,36.77,98,100,6.62,light rain
301,Mount Gambier,AU,-37.8333,140.7667,39.11,93,0,3.44,clear sky
302,Bethel,US,41.3712,-73.414,48.58,89,90,1.99,light rain
303,Vestmanna,FO,62.1564,-7.1664,50.92,93,90,6.82,overcast clouds
304,Acari,PE,-15.4311,-74.6158,76.32,54,68,7.72,broken clouds
305,Mayor Pablo Lagerenza,PY,-19.9309,-60.7718,86.88,44,83,7.85,broken clouds
306,Madang,PG,-5.2246,145.7966,78.84,87,97,3.42,overcast clouds
307,Praia Da Vitoria,PT,38.7333,-27.0667,70.05,68,40,8.52,scattered clouds
308,Baghdad,IQ,33.3406,44.4009,98.51,15,0,11.03,clear sky
309,Qidong,CN,31.8128,121.6561,75.04,87,100,8.08,light rain
310,Rawson,AR,-43.3002,-65.1023,48.34,39,0,27.42,clear sky
311,Vaitape,PF,-16.5167,-151.75,79.14,70,75,3.83,broken clouds
312,Praia,CV,14.9215,-23.5087,79.34,57,20,20.71,few clouds
313,Grindavik,IS,63.8424,-22.4338,49.95,81,90,28.95,light rain
314,Troitskoye,RU,52.9821,84.6757,47.77,71,30,5.19,scattered clouds
315,Roald,NO,62.5833,6.1333,73.17,51,0,2.3,clear sky
316,Maniitsoq,GL,65.4167,-52.9,45.82,57,91,12.01,overcast clouds
317,Nuuk,GL,64.1835,-51.7216,41.61,81,75,13.8,broken clouds
318,Diffa,NE,13.3154,12.6113,100.06,15,78,10.04,broken clouds
319,Fonte Boa,BR,-2.4959,-66.2662,89.83,53,23,3.78,few clouds
320,Colares,PT,38.7992,-9.4469,74.39,61,20,23.73,few clouds
321,Sola,VU,-13.8833,167.55,78.21,69,96,14.67,overcast clouds
322,San Jose,US,37.3394,-121.895,67.1,69,90,1.01,overcast clouds
323,Prieska,ZA,-29.6641,22.7474,56.01,39,38,8.97,scattered clouds
324,Chumikan,RU,54.7183,135.315,35.08,93,95,4.88,overcast clouds
325,Esik,KZ,43.3552,77.4525,63.82,59,13,8.55,few clouds
326,Lock Haven,US,41.137,-77.4469,51.69,81,100,6.73,overcast clouds
327,Grootfontein,NA,-19.5667,18.1167,71.17,28,0,2.3,clear sky
328,Hamilton,US,39.1834,-84.5333,52.88,82,100,4.0,overcast clouds
329,Doha,QA,25.2867,51.5333,104.31,40,0,5.75,clear sky
330,Machalpur,IN,24.1333,76.3,93.43,32,100,7.61,overcast clouds
331,Havelock,US,34.8791,-76.9013,89.56,77,40,13.0,scattered clouds
332,Pitimbu,BR,-7.4706,-34.8086,84.79,64,2,15.99,clear sky
333,Wilson,US,36.1501,-86.2833,60.03,90,90,10.36,light rain
334,Kulachi,PK,31.9286,70.4592,103.51,11,43,3.74,scattered clouds
335,Fairview,US,40.8126,-73.999,50.27,88,90,13.8,overcast clouds
336,Arman,RU,59.7,150.1667,36.23,99,100,3.96,overcast clouds
337,Nizhnyaya Poyma,RU,56.1622,97.1933,32.27,76,38,4.29,scattered clouds
338,Vao,NC,-22.6667,167.4833,68.88,64,98,22.79,overcast clouds
339,Krasnoselkup,RU,65.7,82.4667,40.91,46,6,7.47,clear sky
340,Sahuaripa,MX,29.05,-109.2333,92.03,11,42,2.42,scattered clouds
341,Shymkent,KZ,42.3,69.6,82.99,28,0,0.16,clear sky
342,San Patricio,US,28.017,-97.5169,74.86,70,100,3.24,moderate rain
343,Potot,PH,12.2035,123.4319,81.84,80,100,2.21,overcast clouds
344,Dudinka,RU,69.4058,86.1778,15.87,97,51,4.18,broken clouds
345,Barsi,IN,18.2333,75.7,81.39,62,100,12.12,overcast clouds
346,Ketchikan,US,55.3422,-131.6461,49.98,76,100,5.1,overcast clouds
347,Abilene,US,32.4487,-99.7331,79.29,65,75,1.99,broken clouds
348,Pokrovsk,UA,48.282,37.1758,63.95,88,89,10.92,light rain
349,Sokur,RU,55.2093,83.319,52.16,59,82,3.8,broken clouds
350,Santiago,CL,-33.4569,-70.6483,62.17,66,90,1.14,overcast clouds
351,Ambilobe,MG,-13.2,49.05,73.6,81,43,3.0,scattered clouds
352,Ossora,RU,59.2353,163.0719,38.32,83,100,2.42,overcast clouds
353,Victor Harbor,AU,-35.5667,138.6167,49.8,92,0,6.53,clear sky
354,Norden,DE,53.6,7.2,58.96,67,16,5.01,few clouds
355,Ylivieska,FI,64.0833,24.55,50.88,40,8,5.7,clear sky
356,Athabasca,CA,54.7169,-113.2854,58.82,55,45,12.3,scattered clouds
357,Lavrentiya,RU,65.5833,-171.0,28.72,85,12,11.43,few clouds
358,Polovinnoye,RU,54.7914,65.9864,65.46,40,5,8.1,clear sky
359,Iranshahr,IR,27.2025,60.6848,104.34,7,0,6.91,clear sky
360,Eureka,US,40.8021,-124.1637,52.93,89,33,1.01,scattered clouds
361,Bartica,GY,6.4,-58.6167,84.52,82,100,4.25,overcast clouds
362,Ituporanga,BR,-27.4144,-49.6025,75.0,72,47,6.93,scattered clouds
363,Igrim,RU,63.1906,64.4162,55.96,65,100,2.53,overcast clouds
364,Caborca,MX,30.5838,-111.101,84.49,9,35,13.09,scattered clouds
365,Saint Joseph,US,39.7686,-94.8466,62.1,62,25,9.4,scattered clouds
366,Chibuto,MZ,-24.6867,33.5306,65.23,84,0,4.61,clear sky
367,Mago,RU,53.2514,140.1822,39.7,95,17,3.78,few clouds
368,Qasigiannguit,GL,68.8193,-51.1922,53.78,37,97,21.3,overcast clouds
369,Stornoway,GB,58.2093,-6.3865,60.93,72,100,11.5,overcast clouds
370,Visby,SE,57.6409,18.296,56.77,41,0,11.5,clear sky
371,Saint Anthony,US,45.0205,-93.218,62.74,43,1,4.0,clear sky
372,Westport,US,41.1415,-73.3579,50.45,93,100,1.99,overcast clouds
373,Semnan,IR,35.5729,53.3971,87.33,14,1,4.81,clear sky
374,Muscat,OM,23.6139,58.5922,92.43,43,2,10.96,clear sky
375,Tahoua,NE,14.8888,5.2692,107.58,8,0,6.91,clear sky
376,Yumen,CN,40.2833,97.2,69.66,29,15,6.02,few clouds
377,Brokopondo,SR,4.75,-55.1667,81.07,78,100,3.87,overcast clouds
378,Nagapattinam,IN,10.7667,79.8333,84.9,77,84,14.63,broken clouds
379,Parksepa,EE,57.9062,26.9836,55.2,55,10,11.1,clear sky
380,Sakakah,SA,29.9697,40.2064,98.17,11,0,6.89,clear sky
381,Omsukchan,RU,62.5333,155.8,29.52,93,100,7.2,overcast clouds
382,Abu Samrah,SY,35.3029,37.1841,74.16,40,0,12.57,clear sky
383,Toropets,RU,56.4978,31.6353,54.09,71,77,10.38,broken clouds
384,Ancud,CL,-41.8697,-73.8203,48.42,72,100,8.25,light rain
385,Jacareacanga,BR,-6.2222,-57.7528,95.41,32,23,3.11,few clouds
386,Jand,PK,33.4299,72.0193,96.12,18,2,7.2,clear sky
387,Mocuba,MZ,-16.8392,36.9856,67.55,62,0,3.44,clear sky
388,Seymour,US,38.9592,-85.8903,54.48,73,100,5.99,overcast clouds
389,Shenzhen,CN,22.5455,114.0683,86.86,92,100,11.45,overcast clouds
390,Maragogi,BR,-9.0122,-35.2225,81.36,62,45,9.62,scattered clouds
391,Half Moon Bay,US,37.4636,-122.4286,65.53,85,75,10.36,broken clouds
392,Anadyr,RU,64.75,177.4833,36.1,69,0,5.99,clear sky
393,Nome,US,64.5011,-165.4064,43.16,42,1,21.85,clear sky
394,Jiazi,CN,22.8779,116.067,82.69,86,100,16.11,overcast clouds
395,Palmer,US,42.1584,-72.3287,48.02,83,90,4.0,moderate rain
396,Soure,BR,-0.7167,-48.5233,83.68,68,50,4.52,scattered clouds
397,Berdigestyakh,RU,62.0989,126.6992,53.92,56,95,3.56,overcast clouds
398,Huilong,CN,31.8111,121.655,75.04,87,100,8.05,light rain
399,Souillac,MU,-20.5167,57.5167,75.58,88,75,5.61,light rain
400,Ahipara,NZ,-35.1667,173.1667,54.72,78,56,12.97,broken clouds
401,Bilibino,RU,68.0546,166.4372,44.17,64,75,1.48,broken clouds
402,Tshikapa,CD,-6.4167,20.8,81.19,40,60,1.97,broken clouds
403,Mazabuka,ZM,-15.856,27.748,61.81,33,0,6.15,clear sky
404,Taltal,CL,-25.4,-70.4833,69.73,62,36,4.79,scattered clouds
405,Kungurtug,RU,50.5994,97.5228,37.62,88,81,7.61,broken clouds
406,Kentau,KZ,43.5206,68.5094,81.86,28,100,7.61,overcast clouds
407,Arcos,BR,-20.2819,-45.5394,88.34,32,88,8.52,overcast clouds
408,Russell,US,32.3502,-85.1999,79.05,62,80,11.41,broken clouds
409,Malakal,SS,9.5334,31.6605,91.92,33,61,7.27,broken clouds
410,Metro,ID,-5.1131,105.3067,75.67,91,100,4.21,moderate rain
411,Boquira,BR,-12.8231,-42.7306,89.38,28,100,1.66,overcast clouds
412,Tual,ID,-5.6667,132.75,81.03,82,89,17.81,overcast clouds
413,Husavik,IS,66.0449,-17.3389,57.11,55,66,13.24,broken clouds
414,Lamar,US,33.6668,-95.5836,76.51,74,20,8.25,few clouds
415,Buraydah,SA,26.326,43.975,104.45,8,12,11.45,few clouds
416,Kirensk,RU,57.7853,108.1119,37.13,84,100,3.24,overcast clouds
417,Lincoln,US,40.8,-96.667,60.53,68,40,4.0,scattered clouds
418,Puerto Escondido,MX,15.85,-97.0667,87.67,60,82,5.48,broken clouds
419,Manuk Mangkaw,PH,4.8,119.85,83.84,72,64,3.69,broken clouds
420,Aliquippa,US,40.6367,-80.2401,53.42,91,90,1.01,overcast clouds
421,Katsuura,JP,35.1333,140.3,69.19,86,49,14.81,scattered clouds
422,Tessalit,ML,20.1986,1.0114,107.55,4,58,14.43,broken clouds
423,Nioro,GM,13.35,-15.75,104.47,12,21,8.79,few clouds
424,Nabire,ID,-3.3667,135.4833,77.23,93,100,4.36,overcast clouds
425,Veraval,IN,20.9,70.3667,83.73,80,100,11.21,overcast clouds
426,North Vanlaiphai,IN,23.1333,93.0667,63.99,93,92,0.78,overcast clouds
427,Richards Bay,ZA,-28.783,32.0377,66.81,77,14,6.2,few clouds
428,Karla,EE,59.3723,24.9275,55.36,41,0,8.05,clear sky
429,Fare,PF,-16.7,-151.0167,79.39,69,74,5.68,broken clouds
430,Mulatupo,PA,8.9492,-77.7652,82.74,79,99,1.72,overcast clouds
431,Korla,CN,41.7597,86.1469,80.33,22,81,16.67,broken clouds
432,Kahului,US,20.8947,-156.47,77.85,74,15,5.01,few clouds
433,Malanje,AO,-9.5402,16.341,68.83,48,8,3.15,clear sky
434,Boffa,GN,10.1667,-14.0333,88.52,55,57,12.12,broken clouds
435,Koslan,RU,63.4564,48.8989,40.93,65,81,7.87,broken clouds
436,Boma,GH,7.0805,-2.1697,87.15,57,77,4.54,broken clouds
437,Svetlogorsk,BY,52.6333,29.7333,57.4,88,60,9.01,broken clouds
438,Basco,PH,20.4487,121.9702,84.81,76,100,14.83,overcast clouds
439,Sayat,TM,38.7839,63.8803,96.67,12,0,11.34,clear sky
440,Horta,PT,38.5333,-28.6333,65.84,77,75,0.0,broken clouds
441,Alenquer,BR,-1.9417,-54.7383,86.34,63,86,3.71,overcast clouds
442,Mlonggo,ID,-6.5333,110.7,79.18,81,100,1.61,overcast clouds
443,Setermoen,NO,68.861,18.3486,48.16,65,73,5.19,broken clouds
444,Letlhakane,BW,-21.4167,25.5833,63.79,25,0,3.71,clear sky
445,Tungawan,PH,7.5081,122.3711,79.03,82,72,2.57,broken clouds
446,Batemans Bay,AU,-35.7167,150.1833,52.92,70,79,9.53,broken clouds
447,Vanavara,RU,60.34,102.2797,34.14,93,100,5.17,overcast clouds
448,Ambanja,MG,-13.6833,48.45,73.87,89,16,2.15,few clouds
449,Khatanga,RU,71.9667,102.5,36.34,84,98,9.89,overcast clouds
450,Albanel,CA,48.8832,-72.4487,49.98,46,1,5.75,clear sky
451,Jamkhandi,IN,16.5167,75.3,78.03,73,86,16.55,overcast clouds
452,Churapcha,RU,62.0025,132.4325,48.83,86,97,8.14,light rain
453,Soyo,AO,-6.1349,12.3689,82.45,83,14,10.11,few clouds
454,Poum,NC,-20.2333,164.0167,70.9,65,88,20.2,overcast clouds
455,Chimore,BO,-16.9833,-65.1333,86.05,52,100,3.49,overcast clouds
456,Dabola,GN,10.75,-11.1167,80.02,70,90,3.89,light rain
457,Videira,BR,-27.0083,-51.1517,71.15,74,55,7.27,broken clouds
458,Aktash,RU,50.3,87.7333,32.77,74,30,4.29,scattered clouds
459,Okhotsk,RU,59.3833,143.3,35.53,92,100,10.56,overcast clouds
460,Pala,TD,9.3642,14.9046,96.91,22,85,4.85,overcast clouds
461,Marystown,CA,47.1666,-55.1483,47.46,65,94,17.76,overcast clouds
462,Auki,SB,-8.7676,160.7034,76.03,91,100,2.3,light rain
463,Quelimane,MZ,-17.8786,36.8883,75.15,83,0,8.01,clear sky
464,Verkhnyaya Inta,RU,65.9811,60.3094,42.44,71,100,9.53,overcast clouds
465,Znamenskoye,RU,57.1281,73.8282,55.9,92,46,5.73,light rain
466,Hambantota,LK,6.1241,81.1185,80.35,81,99,19.69,overcast clouds
467,Villa Maria,AR,-32.4075,-63.2402,59.83,39,68,12.75,broken clouds
468,Sinnai,IT,39.3042,9.2036,79.5,52,0,7.31,clear sky
469,Touros,BR,-5.1989,-35.4608,86.9,64,63,18.23,broken clouds
470,Zhigalovo,RU,54.8097,105.1578,34.27,67,20,2.66,few clouds
471,Magugu,TZ,-4.0167,35.7667,71.65,63,92,2.33,overcast clouds
472,Port Blair,IN,11.6667,92.75,81.54,82,100,7.18,overcast clouds
473,Yar-Sale,RU,66.8333,70.8333,49.75,92,100,14.85,light rain
474,Jumla,NP,29.2747,82.1838,55.44,91,86,2.84,overcast clouds
475,Burnie,AU,-41.0667,145.9167,38.95,79,31,3.49,scattered clouds
476,Mount Isa,AU,-20.7333,139.5,58.77,33,0,9.22,clear sky
477,Urengoy,RU,65.9667,78.3667,46.58,47,92,13.49,overcast clouds
478,Mahon,ES,39.8885,4.2658,73.96,40,0,6.91,clear sky
479,Wajir,KE,1.7471,40.0573,87.76,42,0,0.0,clear sky
480,Tilichiki,RU,60.4667,166.1,35.58,86,99,5.7,overcast clouds
481,Honiara,SB,-9.4333,159.95,76.08,92,100,2.77,overcast clouds
482,Qazvin,IR,36.2797,50.0049,80.22,28,20,2.3,few clouds
483,Sao Gabriel Da Cachoeira,BR,-0.1303,-67.0892,89.4,66,40,1.9,scattered clouds
484,Roma,US,43.2128,-75.4557,58.86,69,100,7.0,overcast clouds
485,Amga,RU,60.8953,131.9608,47.73,94,99,5.57,light rain
486,Jalu,LY,29.0331,21.5482,102.2,11,2,8.05,clear sky
487,Lorengau,PG,-2.0226,147.2712,82.35,77,93,11.77,light rain
488,Kanniyakumari,IN,8.0833,77.5667,80.92,81,37,21.52,scattered clouds
489,Barra,BR,-11.0894,-43.1417,88.14,32,90,1.7,overcast clouds
490,Wamba,NG,8.9333,8.6,80.13,72,87,8.77,light rain
491,Ariogala,LT,55.2667,23.4667,57.78,78,54,8.48,broken clouds
492,Savannakhet,LA,16.566,104.751,82.9,75,100,5.91,overcast clouds
493,Tura,IN,25.5198,90.2201,79.5,67,27,2.84,scattered clouds
494,Port Lincoln,AU,-34.7333,135.8667,56.44,65,0,14.38,clear sky
495,Chimoio,MZ,-19.1164,33.4833,66.06,42,0,5.99,clear sky
496,Mana,GF,5.6592,-53.7767,79.65,87,100,7.9,overcast clouds
497,Chai Badan,TH,15.2,101.1333,82.83,82,81,6.53,broken clouds
498,Tabas,IR,33.5959,56.9244,91.81,12,0,1.83,clear sky
499,Montbrison,FR,45.6667,4.0833,73.74,71,96,8.3,overcast clouds
500,Esso,RU,55.9333,158.7,36.07,97,97,3.2,overcast clouds
501,Monterey,US,36.2505,-121.2516,57.27,44,44,6.22,scattered clouds
502,Turukhansk,RU,65.8167,87.9833,29.88,89,54,7.72,broken clouds
503,Nieuw Amsterdam,SR,5.8833,-55.0833,86.16,70,40,7.65,scattered clouds
504,Franca,BR,-20.5386,-47.4008,83.28,34,78,11.1,broken clouds
505,Lao Cai,VN,22.4833,103.95,80.31,86,82,2.01,broken clouds
506,Luohe,CN,33.5717,114.0353,72.68,70,67,3.74,light rain
507,Campbell River,CA,50.0163,-125.2446,59.27,61,20,1.01,few clouds
508,Severo-Yeniseyskiy,RU,60.3725,93.0408,31.35,98,100,7.36,light snow
509,Namibe,AO,-15.1961,12.1522,75.07,69,9,7.34,clear sky
510,Emba,KZ,48.8264,58.1442,71.11,61,46,15.59,scattered clouds
511,Qinhuangdao,CN,39.9317,119.5883,56.14,64,1,4.45,clear sky
512,Mugur-Aksy,RU,50.35,90.5,38.17,60,3,5.59,clear sky
513,Acapulco,MX,16.8634,-99.8901,88.21,56,27,7.05,scattered clouds
514,Koudougou,BF,12.25,-2.3667,103.64,16,45,13.98,scattered clouds
515,Clinton,US,42.587,-82.9199,62.56,47,58,1.01,broken clouds
516,Upata,VE,8.0086,-62.3989,83.19,65,83,7.56,broken clouds
517,Llallagua,BO,-18.4167,-66.6333,47.89,28,96,6.15,overcast clouds
518,Ostuni,IT,40.7276,17.5764,75.29,57,21,6.08,few clouds
519,Moron,AR,-34.6534,-58.6198,55.8,45,1,12.57,clear sky
520,Lesnikovo,RU,55.2822,65.3175,66.04,41,6,7.31,clear sky
521,Grenfell,AU,-33.9,148.1667,37.06,76,0,6.08,clear sky
522,Bedford,GB,52.1346,-0.4663,68.56,48,0,6.91,clear sky
523,Hami,CN,42.8,93.45,83.12,10,75,8.12,broken clouds
524,Kirakira,SB,-10.4544,161.9205,76.95,91,98,4.41,light rain
525,Jamalpur,BD,24.9167,89.9333,83.88,71,9,7.31,clear sky
526,Murchison,NZ,-41.8,172.3333,43.2,98,100,1.88,overcast clouds
527,Kampot,KH,10.6167,104.1833,80.65,85,14,5.79,few clouds
528,Villarrica,PY,-25.75,-56.4333,75.74,62,65,9.75,broken clouds
529,Ginda,IN,30.6945,78.4932,62.92,83,75,3.78,broken clouds
530,Komsomolskiy,UZ,40.4272,71.7189,83.62,24,100,9.22,overcast clouds
531,Laguna,US,38.421,-121.4238,77.25,58,40,1.99,scattered clouds
532,Axim,GH,4.8699,-2.2405,83.68,73,86,10.09,overcast clouds
533,Tortoli,IT,39.9256,9.6572,80.98,57,51,2.8,broken clouds
534,Jutai,BR,-5.1833,-68.9,86.2,69,58,0.89,broken clouds
535,Verkhoyansk,RU,67.5447,133.385,41.65,68,90,7.38,overcast clouds
536,Pisco,PE,-13.7,-76.2167,66.02,88,90,6.91,overcast clouds
537,Palafrugell,ES,41.9174,3.1631,72.36,75,66,16.82,broken clouds
538,Telimele,GN,10.9167,-13.3333,94.32,33,66,0.96,broken clouds
539,Yaan,NG,7.3833,8.5667,92.88,43,71,7.14,broken clouds
540,Linqu,CN,36.5156,118.5397,58.77,76,0,0.89,light rain
541,Ayan,RU,56.45,138.1667,36.66,92,72,12.17,broken clouds
542,Gat,IL,31.61,34.7642,76.82,38,0,7.49,clear sky
543,Sinnamary,GF,5.3833,-52.95,80.82,83,91,9.01,overcast clouds
544,Stephenville,US,32.2207,-98.2023,77.18,83,90,5.75,overcast clouds
545,Baft,IR,29.234,56.6057,77.16,10,74,5.44,broken clouds
546,Myitkyina,MM,25.3833,97.4,79.34,80,89,2.64,overcast clouds
547,Copiapo,CL,-27.3667,-70.3333,81.12,22,0,5.41,clear sky
548,Launceston,AU,-41.45,147.1667,33.44,94,57,1.88,broken clouds
549,Deep River,CA,46.1001,-77.4995,62.44,20,0,6.85,clear sky
550,La Romana,DO,18.4273,-68.9728,83.93,100,75,11.5,broken clouds
551,Vanimo,PG,-2.6741,141.3028,78.12,90,94,3.49,overcast clouds
552,Casper,US,42.8666,-106.3131,57.51,65,47,3.0,scattered clouds
553,Bhinmal,IN,25.0,72.25,94.44,32,30,13.02,scattered clouds
554,Nouakchott,MR,18.0858,-15.9785,80.53,70,94,22.93,overcast clouds
555,Joshimath,IN,30.5667,79.5667,66.97,89,69,0.81,broken clouds
556,Grajau,BR,-5.8194,-46.1386,92.17,40,63,2.13,broken clouds
557,Road Town,VG,18.4167,-64.6167,86.09,70,62,13.62,broken clouds
558,Gnjilane,XK,42.4604,21.4699,70.12,55,29,7.0,scattered clouds
559,Vila Do Maio,CV,15.1333,-23.2167,72.37,83,28,18.48,scattered clouds
560,Pevek,RU,69.7008,170.3133,40.6,63,3,9.69,clear sky
561,Kashi,CN,39.4547,75.9797,79.27,21,58,9.19,broken clouds
562,Dunedin,NZ,-45.8742,170.5036,49.8,96,100,1.01,moderate rain
563,Merauke,ID,-8.4667,140.3333,74.34,82,86,11.86,overcast clouds
564,Monrovia,LR,6.3005,-10.7969,83.97,80,100,5.99,light rain
565,Bauchi,NG,10.5,10.0,89.69,33,100,7.27,overcast clouds
566,Portland,US,45.5234,-122.6762,65.52,67,20,1.99,few clouds
567,Takab,IR,36.4009,47.1133,64.53,23,0,6.71,clear sky
568,Quatre Cocos,MU,-20.2078,57.7625,74.08,87,23,4.38,light rain
569,Bud,US,39.447,-86.1758,59.2,67,100,12.21,overcast clouds
570,Iracoubo,GF,5.4802,-53.2011,81.19,79,88,9.35,overcast clouds
571,Sochaczew,PL,52.2294,20.2384,61.23,74,100,6.93,overcast clouds
572,Togur,RU,58.3631,82.8265,41.95,54,10,3.76,clear sky
573,Krasnoarmeysk,RU,51.0239,45.6969,64.36,88,59,8.52,broken clouds
574,Madaba,JO,31.5833,35.6667,75.36,42,0,6.91,clear sky
575,Bulnes,CL,-36.7423,-72.2985,53.71,71,100,8.12,overcast clouds
576,Nara,JP,34.6851,135.8049,63.68,86,55,1.36,broken clouds
577,Tecoanapa,MX,16.5167,-98.75,88.2,59,30,8.37,scattered clouds
578,Puerto El Triunfo,SV,13.2833,-88.55,87.96,59,83,9.84,broken clouds
579,Khash,IR,28.2211,61.2158,83.73,10,0,7.74,clear sky
580,Itaberai,BR,-16.0203,-49.8103,87.1,34,90,6.71,overcast clouds
581,Yulara,AU,-25.2406,130.9889,48.2,55,72,8.75,broken clouds
582,Rovaniemi,FI,66.5,25.7167,51.21,37,0,3.44,clear sky
583,Buckeye,US,33.3703,-112.5838,94.53,12,45,6.55,scattered clouds
584,Ambon,ID,-3.6954,128.1814,80.24,81,99,8.93,overcast clouds
585,Caconda,AO,-13.7333,15.0667,63.0,32,59,3.04,broken clouds
586,Miles City,US,46.4083,-105.8406,63.52,37,21,8.34,few clouds
587,Alexandria,EG,31.2156,29.9553,73.6,67,0,7.36,clear sky
588,Celestun,MX,20.8667,-90.4,88.56,51,4,2.75,clear sky
589,Saint-Georges,GD,12.0564,-61.7485,83.88,65,20,23.02,few clouds
590,Aksarka,RU,66.5606,67.7975,47.28,72,98,15.19,overcast clouds
591,Pangkalanbuun,ID,-2.6833,111.6167,73.44,98,100,2.51,overcast clouds
592,Hagere Hiywet,ET,8.9833,37.85,64.78,45,64,5.01,broken clouds
593,Kroya,ID,-7.6331,109.2461,75.2,85,100,1.34,overcast clouds
594,Dhidhdhoo,MV,6.8833,73.1,83.75,72,74,21.94,broken clouds
595,Severodvinsk,RU,64.5635,39.8302,41.11,68,62,16.98,light rain
596,Dickinson,US,29.4608,-95.0513,86.0,65,75,1.01,broken clouds
597,Taitung,TW,22.7583,121.1444,80.91,83,92,5.28,overcast clouds
598,Sur,OM,22.5667,59.5289,91.0,49,13,10.11,few clouds
599,Mokhsogollokh,RU,61.4681,128.9203,50.52,77,76,6.42,broken clouds
600,Puerto Madero,MX,14.7208,-92.4215,88.0,66,75,5.75,broken clouds
601,Petauke,ZM,-14.2426,31.3253,61.5,49,0,0.69,clear sky
602,Leningradskiy,RU,69.3833,178.4167,29.89,80,79,7.7,broken clouds
603,Ordu,TR,40.9086,37.6845,49.1,98,99,2.68,overcast clouds
604,Samana,DO,19.2056,-69.3369,88.02,70,20,9.22,few clouds
605,Camacha,PT,33.0833,-16.3333,68.76,68,40,16.11,scattered clouds
606,Piranhas,BR,-16.4269,-51.8222,88.66,36,99,6.51,overcast clouds
607,Dongli,CN,23.5656,116.8194,82.17,81,100,6.55,overcast clouds
608,Gazojak,TM,41.1875,61.4036,94.42,14,7,6.78,clear sky
609,Dalbandin,PK,28.8947,64.4101,89.71,11,0,9.01,clear sky
610,Flinders,AU,-34.5833,150.8552,55.2,70,100,8.99,overcast clouds
611,Skibbereen,IE,51.55,-9.2667,62.4,78,3,5.57,clear sky
612,Rio Gallegos,AR,-51.6226,-69.2181,35.65,60,20,17.27,few clouds
613,Flagstaff,US,35.1981,-111.6513,75.09,13,32,3.0,scattered clouds
614,Kalmunai,LK,7.4167,81.8167,82.56,77,95,4.27,overcast clouds
615,Camana,PE,-16.6228,-72.7111,69.1,79,69,7.85,broken clouds
616,Salcedo,PH,12.8105,121.4674,79.86,84,98,2.66,overcast clouds
617,Havoysund,NO,70.9963,24.6622,41.88,88,97,21.03,overcast clouds
618,Bitung,ID,1.4451,125.1824,79.18,87,100,8.14,overcast clouds
619,Sibolga,ID,1.7427,98.7792,77.11,90,30,3.29,scattered clouds
620,Madimba,TZ,-10.4,40.3333,73.54,81,15,6.71,few clouds
621,Killybegs,IE,54.6333,-8.45,65.91,63,7,5.28,clear sky
622,Pskov,RU,57.8136,28.3496,58.91,55,0,4.47,clear sky
623,Sao Jose Da Coroa Grande,BR,-8.8978,-35.1478,81.61,60,44,9.66,scattered clouds
624,Maumere,ID,-8.6199,122.2111,77.45,83,74,5.3,broken clouds
625,Lima,PE,-12.0432,-77.0282,64.65,77,90,3.44,overcast clouds
626,Alta Floresta,BR,-9.8756,-56.0861,86.74,43,11,3.56,few clouds
627,Dobson,US,36.3957,-80.7226,78.13,85,90,7.92,light rain
628,Sexsmith,CA,55.35,-118.786,56.57,48,19,13.53,few clouds
629,Olinda,BR,-8.0089,-34.8553,80.33,61,20,13.27,few clouds
630,Collie,AU,-33.3667,116.15,51.98,97,100,3.31,overcast clouds
631,Porto Novo,BJ,6.4965,2.6036,85.82,72,100,8.81,overcast clouds
632,San Miguel,SV,13.4833,-88.1833,97.36,35,60,1.59,broken clouds
633,Bhavnagar,IN,21.7667,72.15,89.87,57,100,18.21,overcast clouds
634,Tukrah,LY,32.5341,20.5791,76.75,46,36,23.76,scattered clouds
635,Norman,US,35.2226,-97.4395,67.23,66,1,12.66,clear sky
636,Tamayong,PH,7.1331,125.3797,69.84,91,99,1.83,light rain
637,Cap-Aux-Meules,CA,47.3821,-61.8597,42.89,75,100,7.09,overcast clouds
638,Edea,CM,3.8,10.1333,80.33,90,75,4.0,light rain
639,Mahibadhoo,MV,3.7833,72.9667,84.11,73,100,19.17,overcast clouds
640,Tyup,KG,42.7276,78.3648,55.9,69,9,6.62,clear sky
641,Carutapera,BR,-1.195,-46.02,84.79,69,94,7.58,overcast clouds
642,Vila Franca Do Campo,PT,37.7167,-25.4333,70.21,71,74,2.71,broken clouds
643,Pringsewu,ID,-5.3582,104.9744,74.46,96,100,4.63,heavy intensity rain
644,Port Hedland,AU,-20.3167,118.5667,69.85,83,100,3.44,overcast clouds
645,Vallenar,CL,-28.5708,-70.7581,82.74,17,0,5.28,clear sky
646,Gorontalo,ID,0.5412,123.0595,75.79,94,93,0.85,overcast clouds
647,Bagula,IN,23.3167,88.65,83.64,77,66,9.42,broken clouds
648,Mackenzie,CA,55.2999,-123.1698,51.57,53,60,6.15,broken clouds
649,Paita,PE,-5.0892,-81.1144,71.83,79,98,10.58,overcast clouds
650,Maraa,BR,-1.8333,-65.3667,89.96,58,43,2.44,scattered clouds
651,Kristinehamn,SE,59.3098,14.1081,72.37,49,12,3.49,few clouds
652,Okha,RU,53.5739,142.9478,34.39,96,100,12.93,overcast clouds
653,Pacific Grove,US,36.6177,-121.9166,63.57,90,86,4.0,overcast clouds
654,Karimpur,IN,23.9667,88.6167,85.14,68,72,9.95,broken clouds
655,Walkerburn,GB,55.6236,-3.017,67.01,83,100,1.16,overcast clouds
656,Zhanaozen,KZ,43.3,52.8,82.17,29,74,7.52,broken clouds
657,Lamu,KE,-2.2717,40.902,77.97,78,60,10.74,broken clouds
658,Aswan,EG,24.0934,32.907,98.73,9,99,11.18,overcast clouds
659,Zatoka,UA,46.0725,30.4654,70.34,73,30,16.84,scattered clouds
660,Paamiut,GL,61.994,-49.6678,35.58,90,100,5.66,overcast clouds
661,Nyurba,RU,63.2842,118.3319,51.15,56,11,2.8,few clouds
662,La Ronge,CA,55.1001,-105.2842,46.65,81,90,14.97,overcast clouds
